[
   {
      "order_id":16278939,
      "cust_name":"Lavanya",
      "product":"ThinkPad Laptop",
      "quantity":2
   },
   {
      "order_id":16278966,
      "cust_name":"Kedar",
      "product":"Flatscreen TV",
      "quantity":1
   },
   {
      "order_id":16278993,
      "cust_name":"Jaya Chandra",
      "product":"Macbook Pro Laptop",
      "quantity":2
   },
   {
      "order_id":16279020,
      "cust_name":"Mallikarjun",
      "product":"iPhone 11",
      "quantity":3
   },
   {
      "order_id":16279047,
      "cust_name":"Shahid",
      "product":"LG Washing Machine",
      "quantity":1
   },
   {
      "order_id":16279074,
      "cust_name":"Pradhan",
      "product":"Samsung m10",
      "quantity":1
   },
   {
      "order_id":16279101,
      "cust_name":"Partha",
      "product":"LG Dryer",
      "quantity":2
   },
   {
      "order_id":16279128,
      "cust_name":"Venu",
      "product":"LG Dryer",
      "quantity":2
   },
   {
      "order_id":16279155,
      "cust_name":"Shahid",
      "product":"iPhone 7s",
      "quantity":1
   },
   {
      "order_id":16279182,
      "cust_name":"Siddhu",
      "product":"iPhone 11",
      "quantity":2
   },
   {
      "order_id":16279209,
      "cust_name":"Nireekshan",
      "product":"Bose SoundSport Headphones",
      "quantity":1
   },
   {
      "order_id":16279236,
      "cust_name":"Balaji",
      "product":"ThinkPad Laptop",
      "quantity":2
   },
   {
      "order_id":16279263,
      "cust_name":"Tarun",
      "product":"20in Monitor",
      "quantity":2
   },
   {
      "order_id":16279290,
      "cust_name":"Vijay",
      "product":"Samsung m10",
      "quantity":1
   },
   {
      "order_id":16279317,
      "cust_name":"Veeru",
      "product":"LG Washing Machine",
      "quantity":1
   },
   {
      "order_id":16279344,
      "cust_name":"Madhurima",
      "product":"iPhone 9",
      "quantity":2
   },
   {
      "order_id":16279371,
      "cust_name":"Shahid",
      "product":"USB-C Charging Cable",
      "quantity":3
   },
   {
      "order_id":16279398,
      "cust_name":"Neelima",
      "product":"34in Ultrawide Monitor",
      "quantity":1
   },
   {
      "order_id":16279425,
      "cust_name":"Vinay",
      "product":"Bose SoundSport Headphones",
      "quantity":1
   },
   {
      "order_id":16279452,
      "cust_name":"Pradhan",
      "product":"Samsung m10",
      "quantity":1
   },
   {
      "order_id":16279479,
      "cust_name":"Madhurima",
      "product":"Bose SoundSport Headphones",
      "quantity":2
   },
   {
      "order_id":16279506,
      "cust_name":"Pradhan",
      "product":"27in FHD Monitor",
      "quantity":1
   },
   {
      "order_id":16279533,
      "cust_name":"Veeru",
      "product":"iPhone 11",
      "quantity":1
   },
   {
      "order_id":16279560,
      "cust_name":"Mallikarjun",
      "product":"AA Batteries (4-pack)",
      "quantity":2
   },
   {
      "order_id":16279587,
      "cust_name":"Shahid",
      "product":"Bose SoundSport Headphones",
      "quantity":1
   },
   {
      "order_id":16279614,
      "cust_name":"Neelima",
      "product":"iPhone 9",
      "quantity":1
   },
   {
      "order_id":16279641,
      "cust_name":"Siddhu",
      "product":"Samsung m20",
      "quantity":2
   },
   {
      "order_id":16279668,
      "cust_name":"Partha",
      "product":"Flatscreen TV",
      "quantity":2
   },
   {
      "order_id":16279695,
      "cust_name":"Madhurima",
      "product":"iPhone 7s",
      "quantity":1
   },
   {
      "order_id":16279722,
      "cust_name":"Karteek",
      "product":"AA Batteries (4-pack)",
      "quantity":1
   },
   {
      "order_id":16279749,
      "cust_name":"Pradhan",
      "product":"27in 4K Gaming Monitor",
      "quantity":1
   },
   {
      "order_id":16279776,
      "cust_name":"Tarun",
      "product":"20in Monitor",
      "quantity":1
   },
   {
      "order_id":16279803,
      "cust_name":"Madhurima",
      "product":"Samsung m20",
      "quantity":3
   },
   {
      "order_id":16279830,
      "cust_name":"Chaithanya",
      "product":"USB-C Charging Cable",
      "quantity":1
   },
   {
      "order_id":16279857,
      "cust_name":"Tarun",
      "product":"iPhone 9",
      "quantity":3
   },
   {
      "order_id":16279884,
      "cust_name":"Chaithanya",
      "product":"20in Monitor",
      "quantity":3
   },
   {
      "order_id":16279911,
      "cust_name":"Madhurima",
      "product":"34in Ultrawide Monitor",
      "quantity":1
   },
   {
      "order_id":16279938,
      "cust_name":"Chaithanya",
      "product":"iPhone 7",
      "quantity":1
   },
   {
      "order_id":16279965,
      "cust_name":"Jaya Chandra",
      "product":"Samsung m20",
      "quantity":1
   },
   {
      "order_id":16279992,
      "cust_name":"Venu",
      "product":"USB-C Charging Cable",
      "quantity":1
   },
   {
      "order_id":16280019,
      "cust_name":"Neelima",
      "product":"Apple Airpods Headphones",
      "quantity":1
   },
   {
      "order_id":16280046,
      "cust_name":"Sagar",
      "product":"Google Phone",
      "quantity":1
   },
   {
      "order_id":16280073,
      "cust_name":"Balaji",
      "product":"Samsung m20",
      "quantity":1
   },
   {
      "order_id":16280100,
      "cust_name":"Veeru",
      "product":"AA Batteries (4-pack)",
      "quantity":3
   },
   {
      "order_id":16280127,
      "cust_name":"Veeru",
      "product":"LG Dryer",
      "quantity":3
   },
   {
      "order_id":16280154,
      "cust_name":"Vinay",
      "product":"27in 4K Gaming Monitor",
      "quantity":1
   },
   {
      "order_id":16280181,
      "cust_name":"Balaji",
      "product":"Google Phone",
      "quantity":3
   },
   {
      "order_id":16280208,
      "cust_name":"Nireekshan",
      "product":"LG Washing Machine",
      "quantity":1
   },
   {
      "order_id":16280235,
      "cust_name":"Jaya Chandra",
      "product":"27in 4K Gaming Monitor",
      "quantity":2
   },
   {
      "order_id":16280262,
      "cust_name":"Harsha",
      "product":"iPhone 7s",
      "quantity":1
   },
   {
      "order_id":16280289,
      "cust_name":"Tarun",
      "product":"27in 4K Gaming Monitor",
      "quantity":1
   },
   {
      "order_id":16280316,
      "cust_name":"Harsha",
      "product":"AA Batteries (4-pack)",
      "quantity":1
   },
   {
      "order_id":16280343,
      "cust_name":"Siddhu",
      "product":"USB-C Charging Cable",
      "quantity":2
   },
   {
      "order_id":16280370,
      "cust_name":"Balaji",
      "product":"34in Ultrawide Monitor",
      "quantity":1
   },
   {
      "order_id":16280397,
      "cust_name":"Lavanya",
      "product":"Google Phone",
      "quantity":3
   },
   {
      "order_id":16280424,
      "cust_name":"Vijay",
      "product":"USB-C Charging Cable",
      "quantity":1
   },
   {
      "order_id":16280451,
      "cust_name":"Harsha",
      "product":"AA Batteries (4-pack)",
      "quantity":1
   },
   {
      "order_id":16280478,
      "cust_name":"Lavanya",
      "product":"Wired Headphones",
      "quantity":2
   },
   {
      "order_id":16280505,
      "cust_name":"Venu",
      "product":"Samsung m10",
      "quantity":1
   },
   {
      "order_id":16280532,
      "cust_name":"Sumanth",
      "product":"Samsung m10",
      "quantity":2
   },
   {
      "order_id":16280559,
      "cust_name":"Sumanth",
      "product":"20in Monitor",
      "quantity":1
   },
   {
      "order_id":16280586,
      "cust_name":"Balaji",
      "product":"Flatscreen TV",
      "quantity":2
   },
   {
      "order_id":16280613,
      "cust_name":"Jaya Chandra",
      "product":"Apple Airpods Headphones",
      "quantity":2
   },
   {
      "order_id":16280640,
      "cust_name":"Balaji",
      "product":"Google Phone",
      "quantity":1
   },
   {
      "order_id":16280667,
      "cust_name":"Sagar",
      "product":"Macbook Pro Laptop",
      "quantity":1
   },
   {
      "order_id":16280694,
      "cust_name":"Venu",
      "product":"Samsung m10",
      "quantity":1
   },
   {
      "order_id":16280721,
      "cust_name":"Venu",
      "product":"Samsung m10",
      "quantity":1
   },
   {
      "order_id":16280748,
      "cust_name":"Siddhu",
      "product":"Flatscreen TV",
      "quantity":1
   },
   {
      "order_id":16280775,
      "cust_name":"Sagar",
      "product":"20in Monitor",
      "quantity":1
   },
   {
      "order_id":16280802,
      "cust_name":"Partha",
      "product":"Samsung m10",
      "quantity":1
   },
   {
      "order_id":16280829,
      "cust_name":"Lavanya",
      "product":"Samsung m20",
      "quantity":1
   },
   {
      "order_id":16280856,
      "cust_name":"Vinay",
      "product":"Wired Headphones",
      "quantity":3
   },
   {
      "order_id":16280883,
      "cust_name":"Lavanya",
      "product":"27in 4K Gaming Monitor",
      "quantity":2
   },
   {
      "order_id":16280910,
      "cust_name":"Mallikarjun",
      "product":"Apple Airpods Headphones",
      "quantity":1
   },
   {
      "order_id":16280937,
      "cust_name":"Jaya Chandra",
      "product":"Macbook Pro Laptop",
      "quantity":1
   },
   {
      "order_id":16280964,
      "cust_name":"Veeru",
      "product":"27in 4K Gaming Monitor",
      "quantity":3
   },
   {
      "order_id":16280991,
      "cust_name":"Shahid",
      "product":"iPhone 7s",
      "quantity":1
   },
   {
      "order_id":16281018,
      "cust_name":"Balaji",
      "product":"LG Washing Machine",
      "quantity":1
   },
   {
      "order_id":16281045,
      "cust_name":"Madhurima",
      "product":"34in Ultrawide Monitor",
      "quantity":1
   },
   {
      "order_id":16281072,
      "cust_name":"Vinay",
      "product":"27in 4K Gaming Monitor",
      "quantity":2
   },
   {
      "order_id":16281099,
      "cust_name":"Pradhan",
      "product":"Apple Airpods Headphones",
      "quantity":1
   },
   {
      "order_id":16281126,
      "cust_name":"Karteek",
      "product":"Samsung m10",
      "quantity":2
   },
   {
      "order_id":16281153,
      "cust_name":"Partha",
      "product":"Google Phone",
      "quantity":3
   },
   {
      "order_id":16281180,
      "cust_name":"Nireekshan",
      "product":"LG Dryer",
      "quantity":1
   },
   {
      "order_id":16281207,
      "cust_name":"Pradhan",
      "product":"Flatscreen TV",
      "quantity":3
   },
   {
      "order_id":16281234,
      "cust_name":"Chaithanya",
      "product":"34in Ultrawide Monitor",
      "quantity":3
   },
   {
      "order_id":16281261,
      "cust_name":"Mallikarjun",
      "product":"34in Ultrawide Monitor",
      "quantity":1
   },
   {
      "order_id":16281288,
      "cust_name":"Sumanth",
      "product":"iPhone 7",
      "quantity":1
   },
   {
      "order_id":16281315,
      "cust_name":"Karteek",
      "product":"LG Dryer",
      "quantity":2
   },
   {
      "order_id":16281342,
      "cust_name":"Venki",
      "product":"LG Washing Machine",
      "quantity":1
   },
   {
      "order_id":16281369,
      "cust_name":"Lavanya",
      "product":"iPhone 7",
      "quantity":1
   },
   {
      "order_id":16281396,
      "cust_name":"Nireekshan",
      "product":"34in Ultrawide Monitor",
      "quantity":2
   },
   {
      "order_id":16281423,
      "cust_name":"Karteek",
      "product":"27in 4K Gaming Monitor",
      "quantity":1
   },
   {
      "order_id":16281450,
      "cust_name":"Madhurima",
      "product":"AA Batteries (4-pack)",
      "quantity":3
   },
   {
      "order_id":16281477,
      "cust_name":"Neelima",
      "product":"Apple Airpods Headphones",
      "quantity":1
   },
   {
      "order_id":16281504,
      "cust_name":"Mallikarjun",
      "product":"Flatscreen TV",
      "quantity":3
   },
   {
      "order_id":16281531,
      "cust_name":"Veeru",
      "product":"Flatscreen TV",
      "quantity":1
   },
   {
      "order_id":16281558,
      "cust_name":"Veeru",
      "product":"Samsung m10",
      "quantity":1
   },
   {
      "order_id":16281585,
      "cust_name":"Neelima",
      "product":"34in Ultrawide Monitor",
      "quantity":2
   },
   {
      "order_id":16281612,
      "cust_name":"Pradhan",
      "product":"Samsung m10",
      "quantity":1
   },
   {
      "order_id":16281639,
      "cust_name":"Sumanth",
      "product":"Samsung m10",
      "quantity":2
   },
   {
      "order_id":16281666,
      "cust_name":"Nireekshan",
      "product":"Samsung m10",
      "quantity":1
   },
   {
      "order_id":16281693,
      "cust_name":"Chaithanya",
      "product":"iPhone 9",
      "quantity":2
   },
   {
      "order_id":16281720,
      "cust_name":"Chaithanya",
      "product":"Samsung m20",
      "quantity":3
   },
   {
      "order_id":16281747,
      "cust_name":"Harsha",
      "product":"LG Dryer",
      "quantity":2
   },
   {
      "order_id":16281774,
      "cust_name":"Tarun",
      "product":"USB-C Charging Cable",
      "quantity":1
   },
   {
      "order_id":16281801,
      "cust_name":"Neelima",
      "product":"iPhone 9",
      "quantity":1
   },
   {
      "order_id":16281828,
      "cust_name":"Chaithanya",
      "product":"Bose SoundSport Headphones",
      "quantity":3
   },
   {
      "order_id":16281855,
      "cust_name":"Vijay",
      "product":"LG Washing Machine",
      "quantity":1
   },
   {
      "order_id":16281882,
      "cust_name":"Veeru",
      "product":"iPhone 7s",
      "quantity":1
   },
   {
      "order_id":16281909,
      "cust_name":"Kedar",
      "product":"ThinkPad Laptop",
      "quantity":1
   },
   {
      "order_id":16281936,
      "cust_name":"Harsha",
      "product":"iPhone 7",
      "quantity":1
   },
   {
      "order_id":16281963,
      "cust_name":"Veeru",
      "product":"20in Monitor",
      "quantity":1
   },
   {
      "order_id":16281990,
      "cust_name":"Mallikarjun",
      "product":"Bose SoundSport Headphones",
      "quantity":1
   },
   {
      "order_id":16282017,
      "cust_name":"Karteek",
      "product":"AA Batteries (4-pack)",
      "quantity":2
   },
   {
      "order_id":16282044,
      "cust_name":"Kedar",
      "product":"ThinkPad Laptop",
      "quantity":1
   },
   {
      "order_id":16282071,
      "cust_name":"Pradhan",
      "product":"iPhone 7",
      "quantity":2
   },
   {
      "order_id":16282098,
      "cust_name":"Nireekshan",
      "product":"Macbook Pro Laptop",
      "quantity":3
   },
   {
      "order_id":16282125,
      "cust_name":"Venki",
      "product":"ThinkPad Laptop",
      "quantity":1
   },
   {
      "order_id":16282152,
      "cust_name":"Venki",
      "product":"ThinkPad Laptop",
      "quantity":2
   },
   {
      "order_id":16282179,
      "cust_name":"Shahid",
      "product":"LG Dryer",
      "quantity":3
   },
   {
      "order_id":16282206,
      "cust_name":"Veeru",
      "product":"34in Ultrawide Monitor",
      "quantity":1
   },
   {
      "order_id":16282233,
      "cust_name":"Balaji",
      "product":"Bose SoundSport Headphones",
      "quantity":1
   },
   {
      "order_id":16282260,
      "cust_name":"Madhurima",
      "product":"Flatscreen TV",
      "quantity":3
   },
   {
      "order_id":16282287,
      "cust_name":"Harsha",
      "product":"Samsung m10",
      "quantity":2
   },
   {
      "order_id":16282314,
      "cust_name":"Sagar",
      "product":"LG Washing Machine",
      "quantity":1
   },
   {
      "order_id":16282341,
      "cust_name":"Sumanth",
      "product":"iPhone 7",
      "quantity":1
   },
   {
      "order_id":16282368,
      "cust_name":"Mallikarjun",
      "product":"Samsung m10",
      "quantity":1
   },
   {
      "order_id":16282395,
      "cust_name":"Jaya Chandra",
      "product":"Google Phone",
      "quantity":2
   },
   {
      "order_id":16282422,
      "cust_name":"Jaya Chandra",
      "product":"Wired Headphones",
      "quantity":1
   },
   {
      "order_id":16282449,
      "cust_name":"Sagar",
      "product":"Flatscreen TV",
      "quantity":2
   },
   {
      "order_id":16282476,
      "cust_name":"Veeru",
      "product":"Wired Headphones",
      "quantity":1
   },
   {
      "order_id":16282503,
      "cust_name":"Mallikarjun",
      "product":"Samsung m10",
      "quantity":1
   },
   {
      "order_id":16282530,
      "cust_name":"Shahid",
      "product":"LG Dryer",
      "quantity":1
   },
   {
      "order_id":16282557,
      "cust_name":"Harsha",
      "product":"27in 4K Gaming Monitor",
      "quantity":2
   },
   {
      "order_id":16282584,
      "cust_name":"Shahid",
      "product":"AA Batteries (4-pack)",
      "quantity":1
   },
   {
      "order_id":16282611,
      "cust_name":"Madhurima",
      "product":"iPhone 11",
      "quantity":3
   },
   {
      "order_id":16282638,
      "cust_name":"Nireekshan",
      "product":"ThinkPad Laptop",
      "quantity":1
   },
   {
      "order_id":16282665,
      "cust_name":"Lavanya",
      "product":"Samsung m10",
      "quantity":2
   },
   {
      "order_id":16282692,
      "cust_name":"Mallikarjun",
      "product":"Apple Airpods Headphones",
      "quantity":3
   },
   {
      "order_id":16282719,
      "cust_name":"Sumanth",
      "product":"LG Washing Machine",
      "quantity":2
   },
   {
      "order_id":16282746,
      "cust_name":"Chaithanya",
      "product":"iPhone 7s",
      "quantity":1
   },
   {
      "order_id":16282773,
      "cust_name":"Nireekshan",
      "product":"Samsung m10",
      "quantity":2
   },
   {
      "order_id":16282800,
      "cust_name":"Venki",
      "product":"ThinkPad Laptop",
      "quantity":2
   },
   {
      "order_id":16282827,
      "cust_name":"Chaithanya",
      "product":"iPhone 11",
      "quantity":1
   },
   {
      "order_id":16282854,
      "cust_name":"Tarun",
      "product":"iPhone 7s",
      "quantity":2
   },
   {
      "order_id":16282881,
      "cust_name":"Siddhu",
      "product":"Macbook Pro Laptop",
      "quantity":1
   },
   {
      "order_id":16282908,
      "cust_name":"Venki",
      "product":"iPhone 7s",
      "quantity":1
   },
   {
      "order_id":16282935,
      "cust_name":"Nireekshan",
      "product":"AA Batteries (4-pack)",
      "quantity":2
   },
   {
      "order_id":16282962,
      "cust_name":"Lavanya",
      "product":"LG Dryer",
      "quantity":1
   },
   {
      "order_id":16282989,
      "cust_name":"Harsha",
      "product":"Flatscreen TV",
      "quantity":1
   },
   {
      "order_id":16283016,
      "cust_name":"Harsha",
      "product":"iPhone 7",
      "quantity":1
   },
   {
      "order_id":16283043,
      "cust_name":"Pradhan",
      "product":"34in Ultrawide Monitor",
      "quantity":1
   },
   {
      "order_id":16283070,
      "cust_name":"Vijay",
      "product":"Wired Headphones",
      "quantity":2
   },
   {
      "order_id":16283097,
      "cust_name":"Venu",
      "product":"Google Phone",
      "quantity":1
   },
   {
      "order_id":16283124,
      "cust_name":"Kedar",
      "product":"ThinkPad Laptop",
      "quantity":2
   },
   {
      "order_id":16283151,
      "cust_name":"Chaithanya",
      "product":"Apple Airpods Headphones",
      "quantity":1
   },
   {
      "order_id":16283178,
      "cust_name":"Mallikarjun",
      "product":"Flatscreen TV",
      "quantity":1
   },
   {
      "order_id":16283205,
      "cust_name":"Shahid",
      "product":"LG Dryer",
      "quantity":1
   },
   {
      "order_id":16283232,
      "cust_name":"Neelima",
      "product":"iPhone 7s",
      "quantity":2
   },
   {
      "order_id":16283259,
      "cust_name":"Neelima",
      "product":"Apple Airpods Headphones",
      "quantity":1
   },
   {
      "order_id":16283286,
      "cust_name":"Vinay",
      "product":"Macbook Pro Laptop",
      "quantity":2
   },
   {
      "order_id":16283313,
      "cust_name":"Partha",
      "product":"Apple Airpods Headphones",
      "quantity":2
   },
   {
      "order_id":16283340,
      "cust_name":"Partha",
      "product":"27in FHD Monitor",
      "quantity":2
   },
   {
      "order_id":16283367,
      "cust_name":"Jaya Chandra",
      "product":"LG Washing Machine",
      "quantity":1
   },
   {
      "order_id":16283394,
      "cust_name":"Veeru",
      "product":"Google Phone",
      "quantity":2
   },
   {
      "order_id":16283421,
      "cust_name":"Shahid",
      "product":"Apple Airpods Headphones",
      "quantity":1
   },
   {
      "order_id":16283448,
      "cust_name":"Jaya Chandra",
      "product":"20in Monitor",
      "quantity":3
   },
   {
      "order_id":16283475,
      "cust_name":"Harsha",
      "product":"34in Ultrawide Monitor",
      "quantity":1
   },
   {
      "order_id":16283502,
      "cust_name":"Siddhu",
      "product":"Flatscreen TV",
      "quantity":1
   },
   {
      "order_id":16283529,
      "cust_name":"Chaithanya",
      "product":"Google Phone",
      "quantity":1
   },
   {
      "order_id":16283556,
      "cust_name":"Vinay",
      "product":"Google Phone",
      "quantity":1
   },
   {
      "order_id":16283583,
      "cust_name":"Sumanth",
      "product":"34in Ultrawide Monitor",
      "quantity":1
   },
   {
      "order_id":16283610,
      "cust_name":"Balaji",
      "product":"Bose SoundSport Headphones",
      "quantity":3
   },
   {
      "order_id":16283637,
      "cust_name":"Shahid",
      "product":"27in FHD Monitor",
      "quantity":2
   },
   {
      "order_id":16283664,
      "cust_name":"Balaji",
      "product":"iPhone 7",
      "quantity":1
   },
   {
      "order_id":16283691,
      "cust_name":"Venki",
      "product":"Wired Headphones",
      "quantity":1
   },
   {
      "order_id":16283718,
      "cust_name":"Tarun",
      "product":"Samsung m20",
      "quantity":1
   },
   {
      "order_id":16283745,
      "cust_name":"Chaithanya",
      "product":"ThinkPad Laptop",
      "quantity":1
   },
   {
      "order_id":16283772,
      "cust_name":"Pradhan",
      "product":"Wired Headphones",
      "quantity":2
   },
   {
      "order_id":16283799,
      "cust_name":"Lavanya",
      "product":"AA Batteries (4-pack)",
      "quantity":2
   },
   {
      "order_id":16283826,
      "cust_name":"Shahid",
      "product":"Samsung m10",
      "quantity":1
   },
   {
      "order_id":16283853,
      "cust_name":"Partha",
      "product":"Samsung m20",
      "quantity":1
   },
   {
      "order_id":16283880,
      "cust_name":"Kedar",
      "product":"27in 4K Gaming Monitor",
      "quantity":2
   },
   {
      "order_id":16283907,
      "cust_name":"Karteek",
      "product":"iPhone 11",
      "quantity":2
   },
   {
      "order_id":16283934,
      "cust_name":"Nireekshan",
      "product":"Apple Airpods Headphones",
      "quantity":2
   },
   {
      "order_id":16283961,
      "cust_name":"Venu",
      "product":"iPhone 9",
      "quantity":1
   },
   {
      "order_id":16283988,
      "cust_name":"Chaithanya",
      "product":"Bose SoundSport Headphones",
      "quantity":3
   },
   {
      "order_id":16284015,
      "cust_name":"Kedar",
      "product":"Wired Headphones",
      "quantity":1
   },
   {
      "order_id":16284042,
      "cust_name":"Venu",
      "product":"Wired Headphones",
      "quantity":1
   },
   {
      "order_id":16284069,
      "cust_name":"Nireekshan",
      "product":"27in 4K Gaming Monitor",
      "quantity":2
   },
   {
      "order_id":16284096,
      "cust_name":"Venki",
      "product":"34in Ultrawide Monitor",
      "quantity":2
   },
   {
      "order_id":16284123,
      "cust_name":"Harsha",
      "product":"iPhone 11",
      "quantity":3
   },
   {
      "order_id":16284150,
      "cust_name":"Venki",
      "product":"27in 4K Gaming Monitor",
      "quantity":1
   },
   {
      "order_id":16284177,
      "cust_name":"Lavanya",
      "product":"Bose SoundSport Headphones",
      "quantity":1
   },
   {
      "order_id":16284204,
      "cust_name":"Sagar",
      "product":"LG Washing Machine",
      "quantity":3
   },
   {
      "order_id":16284231,
      "cust_name":"Sumanth",
      "product":"AA Batteries (4-pack)",
      "quantity":1
   },
   {
      "order_id":16284258,
      "cust_name":"Lavanya",
      "product":"Flatscreen TV",
      "quantity":2
   },
   {
      "order_id":16284285,
      "cust_name":"Chaithanya",
      "product":"27in 4K Gaming Monitor",
      "quantity":1
   },
   {
      "order_id":16284312,
      "cust_name":"Partha",
      "product":"Samsung m20",
      "quantity":2
   },
   {
      "order_id":16284339,
      "cust_name":"Vinay",
      "product":"LG Dryer",
      "quantity":1
   },
   {
      "order_id":16284366,
      "cust_name":"Pradhan",
      "product":"Samsung m10",
      "quantity":1
   },
   {
      "order_id":16284393,
      "cust_name":"Partha",
      "product":"AA Batteries (4-pack)",
      "quantity":2
   },
   {
      "order_id":16284420,
      "cust_name":"Neelima",
      "product":"USB-C Charging Cable",
      "quantity":1
   },
   {
      "order_id":16284447,
      "cust_name":"Lavanya",
      "product":"ThinkPad Laptop",
      "quantity":3
   },
   {
      "order_id":16284474,
      "cust_name":"Mallikarjun",
      "product":"27in FHD Monitor",
      "quantity":3
   },
   {
      "order_id":16284501,
      "cust_name":"Venki",
      "product":"Wired Headphones",
      "quantity":1
   },
   {
      "order_id":16284528,
      "cust_name":"Jaya Chandra",
      "product":"Flatscreen TV",
      "quantity":1
   },
   {
      "order_id":16284555,
      "cust_name":"Karteek",
      "product":"iPhone 7",
      "quantity":1
   },
   {
      "order_id":16284582,
      "cust_name":"Nireekshan",
      "product":"20in Monitor",
      "quantity":2
   },
   {
      "order_id":16284609,
      "cust_name":"Karteek",
      "product":"Flatscreen TV",
      "quantity":1
   },
   {
      "order_id":16284636,
      "cust_name":"Tarun",
      "product":"iPhone 9",
      "quantity":2
   },
   {
      "order_id":16284663,
      "cust_name":"Balaji",
      "product":"34in Ultrawide Monitor",
      "quantity":3
   },
   {
      "order_id":16284690,
      "cust_name":"Siddhu",
      "product":"20in Monitor",
      "quantity":3
   },
   {
      "order_id":16284717,
      "cust_name":"Siddhu",
      "product":"Bose SoundSport Headphones",
      "quantity":1
   },
   {
      "order_id":16284744,
      "cust_name":"Vijay",
      "product":"27in 4K Gaming Monitor",
      "quantity":1
   },
   {
      "order_id":16284771,
      "cust_name":"Sumanth",
      "product":"Samsung m10",
      "quantity":2
   },
   {
      "order_id":16284798,
      "cust_name":"Vinay",
      "product":"Wired Headphones",
      "quantity":1
   },
   {
      "order_id":16284825,
      "cust_name":"Kedar",
      "product":"Bose SoundSport Headphones",
      "quantity":3
   },
   {
      "order_id":16284852,
      "cust_name":"Pradhan",
      "product":"Wired Headphones",
      "quantity":1
   },
   {
      "order_id":16284879,
      "cust_name":"Vijay",
      "product":"20in Monitor",
      "quantity":1
   },
   {
      "order_id":16284906,
      "cust_name":"Sumanth",
      "product":"20in Monitor",
      "quantity":1
   },
   {
      "order_id":16284933,
      "cust_name":"Kedar",
      "product":"34in Ultrawide Monitor",
      "quantity":2
   },
   {
      "order_id":16284960,
      "cust_name":"Sumanth",
      "product":"iPhone 11",
      "quantity":1
   },
   {
      "order_id":16284987,
      "cust_name":"Venu",
      "product":"iPhone 7s",
      "quantity":2
   },
   {
      "order_id":16285014,
      "cust_name":"Balaji",
      "product":"Bose SoundSport Headphones",
      "quantity":3
   },
   {
      "order_id":16285041,
      "cust_name":"Jaya Chandra",
      "product":"LG Washing Machine",
      "quantity":1
   },
   {
      "order_id":16285068,
      "cust_name":"Balaji",
      "product":"34in Ultrawide Monitor",
      "quantity":3
   },
   {
      "order_id":16285095,
      "cust_name":"Venu",
      "product":"Google Phone",
      "quantity":2
   },
   {
      "order_id":16285122,
      "cust_name":"Karteek",
      "product":"AA Batteries (4-pack)",
      "quantity":1
   },
   {
      "order_id":16285149,
      "cust_name":"Partha",
      "product":"USB-C Charging Cable",
      "quantity":2
   },
   {
      "order_id":16285176,
      "cust_name":"Pradhan",
      "product":"LG Washing Machine",
      "quantity":1
   },
   {
      "order_id":16285203,
      "cust_name":"Venu",
      "product":"ThinkPad Laptop",
      "quantity":1
   },
   {
      "order_id":16285230,
      "cust_name":"Madhurima",
      "product":"Flatscreen TV",
      "quantity":1
   },
   {
      "order_id":16285257,
      "cust_name":"Veeru",
      "product":"USB-C Charging Cable",
      "quantity":1
   },
   {
      "order_id":16285284,
      "cust_name":"Madhurima",
      "product":"iPhone 7",
      "quantity":1
   },
   {
      "order_id":16285311,
      "cust_name":"Balaji",
      "product":"Google Phone",
      "quantity":1
   },
   {
      "order_id":16285338,
      "cust_name":"Madhurima",
      "product":"Google Phone",
      "quantity":2
   },
   {
      "order_id":16285365,
      "cust_name":"Nireekshan",
      "product":"20in Monitor",
      "quantity":1
   },
   {
      "order_id":16285392,
      "cust_name":"Jaya Chandra",
      "product":"Apple Airpods Headphones",
      "quantity":1
   },
   {
      "order_id":16285419,
      "cust_name":"Sagar",
      "product":"LG Washing Machine",
      "quantity":1
   },
   {
      "order_id":16285446,
      "cust_name":"Shahid",
      "product":"Apple Airpods Headphones",
      "quantity":1
   },
   {
      "order_id":16285473,
      "cust_name":"Veeru",
      "product":"iPhone 7",
      "quantity":1
   },
   {
      "order_id":16285500,
      "cust_name":"Lavanya",
      "product":"27in 4K Gaming Monitor",
      "quantity":1
   },
   {
      "order_id":16285527,
      "cust_name":"Chaithanya",
      "product":"Flatscreen TV",
      "quantity":1
   },
   {
      "order_id":16285554,
      "cust_name":"Karteek",
      "product":"LG Dryer",
      "quantity":1
   },
   {
      "order_id":16285581,
      "cust_name":"Harsha",
      "product":"Wired Headphones",
      "quantity":2
   },
   {
      "order_id":16285608,
      "cust_name":"Chaithanya",
      "product":"Samsung m10",
      "quantity":3
   },
   {
      "order_id":16285635,
      "cust_name":"Balaji",
      "product":"20in Monitor",
      "quantity":1
   },
   {
      "order_id":16285662,
      "cust_name":"Nireekshan",
      "product":"Apple Airpods Headphones",
      "quantity":3
   },
   {
      "order_id":16285689,
      "cust_name":"Karteek",
      "product":"iPhone 7",
      "quantity":1
   },
   {
      "order_id":16285716,
      "cust_name":"Shahid",
      "product":"Wired Headphones",
      "quantity":1
   },
   {
      "order_id":16285743,
      "cust_name":"Jaya Chandra",
      "product":"Flatscreen TV",
      "quantity":1
   },
   {
      "order_id":16285770,
      "cust_name":"Shahid",
      "product":"ThinkPad Laptop",
      "quantity":1
   },
   {
      "order_id":16285797,
      "cust_name":"Tarun",
      "product":"Flatscreen TV",
      "quantity":1
   },
   {
      "order_id":16285824,
      "cust_name":"Balaji",
      "product":"27in FHD Monitor",
      "quantity":1
   },
   {
      "order_id":16285851,
      "cust_name":"Siddhu",
      "product":"Apple Airpods Headphones",
      "quantity":1
   },
   {
      "order_id":16285878,
      "cust_name":"Venki",
      "product":"LG Dryer",
      "quantity":2
   },
   {
      "order_id":16285905,
      "cust_name":"Sumanth",
      "product":"iPhone 11",
      "quantity":1
   },
   {
      "order_id":16285932,
      "cust_name":"Kedar",
      "product":"LG Washing Machine",
      "quantity":1
   },
   {
      "order_id":16285959,
      "cust_name":"Sumanth",
      "product":"Wired Headphones",
      "quantity":1
   },
   {
      "order_id":16285986,
      "cust_name":"Veeru",
      "product":"27in 4K Gaming Monitor",
      "quantity":1
   },
   {
      "order_id":16286013,
      "cust_name":"Shahid",
      "product":"AA Batteries (4-pack)",
      "quantity":3
   },
   {
      "order_id":16286040,
      "cust_name":"Pradhan",
      "product":"27in 4K Gaming Monitor",
      "quantity":2
   },
   {
      "order_id":16286067,
      "cust_name":"Partha",
      "product":"Bose SoundSport Headphones",
      "quantity":1
   },
   {
      "order_id":16286094,
      "cust_name":"Chaithanya",
      "product":"Samsung m10",
      "quantity":2
   },
   {
      "order_id":16286121,
      "cust_name":"Partha",
      "product":"iPhone 11",
      "quantity":1
   },
   {
      "order_id":16286148,
      "cust_name":"Venki",
      "product":"Wired Headphones",
      "quantity":2
   },
   {
      "order_id":16286175,
      "cust_name":"Pradhan",
      "product":"Flatscreen TV",
      "quantity":2
   },
   {
      "order_id":16286202,
      "cust_name":"Siddhu",
      "product":"ThinkPad Laptop",
      "quantity":2
   },
   {
      "order_id":16286229,
      "cust_name":"Vinay",
      "product":"Google Phone",
      "quantity":2
   },
   {
      "order_id":16286256,
      "cust_name":"Pradhan",
      "product":"iPhone 7s",
      "quantity":1
   },
   {
      "order_id":16286283,
      "cust_name":"Chaithanya",
      "product":"27in FHD Monitor",
      "quantity":1
   },
   {
      "order_id":16286310,
      "cust_name":"Mallikarjun",
      "product":"iPhone 7",
      "quantity":2
   },
   {
      "order_id":16286337,
      "cust_name":"Neelima",
      "product":"20in Monitor",
      "quantity":2
   },
   {
      "order_id":16286364,
      "cust_name":"Partha",
      "product":"Apple Airpods Headphones",
      "quantity":1
   },
   {
      "order_id":16286391,
      "cust_name":"Venu",
      "product":"Samsung m10",
      "quantity":1
   },
   {
      "order_id":16286418,
      "cust_name":"Venu",
      "product":"Google Phone",
      "quantity":1
   },
   {
      "order_id":16286445,
      "cust_name":"Siddhu",
      "product":"USB-C Charging Cable",
      "quantity":2
   },
   {
      "order_id":16286472,
      "cust_name":"Vijay",
      "product":"iPhone 9",
      "quantity":2
   },
   {
      "order_id":16286499,
      "cust_name":"Sumanth",
      "product":"Samsung m10",
      "quantity":1
   },
   {
      "order_id":16286526,
      "cust_name":"Veeru",
      "product":"Wired Headphones",
      "quantity":2
   },
   {
      "order_id":16286553,
      "cust_name":"Sagar",
      "product":"Apple Airpods Headphones",
      "quantity":2
   },
   {
      "order_id":16286580,
      "cust_name":"Harsha",
      "product":"27in 4K Gaming Monitor",
      "quantity":1
   },
   {
      "order_id":16286607,
      "cust_name":"Nireekshan",
      "product":"Macbook Pro Laptop",
      "quantity":1
   },
   {
      "order_id":16286634,
      "cust_name":"Karteek",
      "product":"Apple Airpods Headphones",
      "quantity":1
   },
   {
      "order_id":16286661,
      "cust_name":"Lavanya",
      "product":"iPhone 7",
      "quantity":1
   },
   {
      "order_id":16286688,
      "cust_name":"Harsha",
      "product":"Apple Airpods Headphones",
      "quantity":1
   },
   {
      "order_id":16286715,
      "cust_name":"Neelima",
      "product":"27in 4K Gaming Monitor",
      "quantity":3
   },
   {
      "order_id":16286742,
      "cust_name":"Madhurima",
      "product":"iPhone 7",
      "quantity":2
   },
   {
      "order_id":16286769,
      "cust_name":"Lavanya",
      "product":"20in Monitor",
      "quantity":2
   },
   {
      "order_id":16286796,
      "cust_name":"Vijay",
      "product":"Samsung m20",
      "quantity":1
   },
   {
      "order_id":16286823,
      "cust_name":"Venu",
      "product":"iPhone 7s",
      "quantity":1
   },
   {
      "order_id":16286850,
      "cust_name":"Sagar",
      "product":"LG Dryer",
      "quantity":3
   },
   {
      "order_id":16286877,
      "cust_name":"Siddhu",
      "product":"LG Dryer",
      "quantity":1
   },
   {
      "order_id":16286904,
      "cust_name":"Madhurima",
      "product":"USB-C Charging Cable",
      "quantity":1
   },
   {
      "order_id":16286931,
      "cust_name":"Venki",
      "product":"iPhone 11",
      "quantity":3
   },
   {
      "order_id":16286958,
      "cust_name":"Harsha",
      "product":"USB-C Charging Cable",
      "quantity":1
   },
   {
      "order_id":16286985,
      "cust_name":"Lavanya",
      "product":"ThinkPad Laptop",
      "quantity":2
   },
   {
      "order_id":16287012,
      "cust_name":"Shahid",
      "product":"Samsung m10",
      "quantity":3
   },
   {
      "order_id":16287039,
      "cust_name":"Jaya Chandra",
      "product":"Samsung m10",
      "quantity":2
   },
   {
      "order_id":16287066,
      "cust_name":"Madhurima",
      "product":"34in Ultrawide Monitor",
      "quantity":2
   },
   {
      "order_id":16287093,
      "cust_name":"Chaithanya",
      "product":"Bose SoundSport Headphones",
      "quantity":2
   },
   {
      "order_id":16287120,
      "cust_name":"Venu",
      "product":"iPhone 7s",
      "quantity":1
   },
   {
      "order_id":16287147,
      "cust_name":"Shahid",
      "product":"27in FHD Monitor",
      "quantity":1
   },
   {
      "order_id":16287174,
      "cust_name":"Veeru",
      "product":"LG Dryer",
      "quantity":1
   },
   {
      "order_id":16287201,
      "cust_name":"Harsha",
      "product":"USB-C Charging Cable",
      "quantity":1
   },
   {
      "order_id":16287228,
      "cust_name":"Sumanth",
      "product":"AA Batteries (4-pack)",
      "quantity":1
   },
   {
      "order_id":16287255,
      "cust_name":"Shahid",
      "product":"USB-C Charging Cable",
      "quantity":3
   },
   {
      "order_id":16287282,
      "cust_name":"Vijay",
      "product":"iPhone 7s",
      "quantity":1
   },
   {
      "order_id":16287309,
      "cust_name":"Pradhan",
      "product":"Samsung m10",
      "quantity":1
   },
   {
      "order_id":16287336,
      "cust_name":"Vinay",
      "product":"Samsung m10",
      "quantity":1
   },
   {
      "order_id":16287363,
      "cust_name":"Sagar",
      "product":"Apple Airpods Headphones",
      "quantity":1
   },
   {
      "order_id":16287390,
      "cust_name":"Chaithanya",
      "product":"ThinkPad Laptop",
      "quantity":1
   },
   {
      "order_id":16287417,
      "cust_name":"Tarun",
      "product":"iPhone 7",
      "quantity":2
   },
   {
      "order_id":16287444,
      "cust_name":"Shahid",
      "product":"27in 4K Gaming Monitor",
      "quantity":1
   },
   {
      "order_id":16287471,
      "cust_name":"Nireekshan",
      "product":"LG Dryer",
      "quantity":1
   },
   {
      "order_id":16287498,
      "cust_name":"Partha",
      "product":"27in FHD Monitor",
      "quantity":1
   },
   {
      "order_id":16287525,
      "cust_name":"Shahid",
      "product":"Bose SoundSport Headphones",
      "quantity":1
   },
   {
      "order_id":16287552,
      "cust_name":"Tarun",
      "product":"Samsung m20",
      "quantity":1
   },
   {
      "order_id":16287579,
      "cust_name":"Sumanth",
      "product":"Macbook Pro Laptop",
      "quantity":1
   },
   {
      "order_id":16287606,
      "cust_name":"Harsha",
      "product":"iPhone 7",
      "quantity":3
   },
   {
      "order_id":16287633,
      "cust_name":"Sagar",
      "product":"LG Dryer",
      "quantity":1
   },
   {
      "order_id":16287660,
      "cust_name":"Shahid",
      "product":"ThinkPad Laptop",
      "quantity":2
   },
   {
      "order_id":16287687,
      "cust_name":"Harsha",
      "product":"Google Phone",
      "quantity":1
   },
   {
      "order_id":16287714,
      "cust_name":"Pradhan",
      "product":"ThinkPad Laptop",
      "quantity":2
   },
   {
      "order_id":16287741,
      "cust_name":"Partha",
      "product":"Macbook Pro Laptop",
      "quantity":2
   },
   {
      "order_id":16287768,
      "cust_name":"Chaithanya",
      "product":"iPhone 7s",
      "quantity":3
   },
   {
      "order_id":16287795,
      "cust_name":"Partha",
      "product":"Google Phone",
      "quantity":1
   },
   {
      "order_id":16287822,
      "cust_name":"Lavanya",
      "product":"LG Washing Machine",
      "quantity":1
   },
   {
      "order_id":16287849,
      "cust_name":"Mallikarjun",
      "product":"Samsung m10",
      "quantity":1
   },
   {
      "order_id":16287876,
      "cust_name":"Vinay",
      "product":"ThinkPad Laptop",
      "quantity":1
   },
   {
      "order_id":16287903,
      "cust_name":"Veeru",
      "product":"Flatscreen TV",
      "quantity":1
   },
   {
      "order_id":16287930,
      "cust_name":"Sagar",
      "product":"Macbook Pro Laptop",
      "quantity":3
   },
   {
      "order_id":16287957,
      "cust_name":"Venu",
      "product":"Google Phone",
      "quantity":1
   },
   {
      "order_id":16287984,
      "cust_name":"Jaya Chandra",
      "product":"27in FHD Monitor",
      "quantity":3
   },
   {
      "order_id":16288011,
      "cust_name":"Madhurima",
      "product":"Samsung m20",
      "quantity":2
   },
   {
      "order_id":16288038,
      "cust_name":"Venki",
      "product":"ThinkPad Laptop",
      "quantity":2
   },
   {
      "order_id":16288065,
      "cust_name":"Mallikarjun",
      "product":"Apple Airpods Headphones",
      "quantity":2
   },
   {
      "order_id":16288092,
      "cust_name":"Tarun",
      "product":"Flatscreen TV",
      "quantity":1
   },
   {
      "order_id":16288119,
      "cust_name":"Neelima",
      "product":"ThinkPad Laptop",
      "quantity":1
   },
   {
      "order_id":16288146,
      "cust_name":"Tarun",
      "product":"Google Phone",
      "quantity":1
   },
   {
      "order_id":16288173,
      "cust_name":"Madhurima",
      "product":"iPhone 7s",
      "quantity":1
   },
   {
      "order_id":16288200,
      "cust_name":"Sumanth",
      "product":"ThinkPad Laptop",
      "quantity":1
   },
   {
      "order_id":16288227,
      "cust_name":"Sagar",
      "product":"ThinkPad Laptop",
      "quantity":1
   },
   {
      "order_id":16288254,
      "cust_name":"Veeru",
      "product":"34in Ultrawide Monitor",
      "quantity":3
   },
   {
      "order_id":16288281,
      "cust_name":"Shahid",
      "product":"Bose SoundSport Headphones",
      "quantity":1
   },
   {
      "order_id":16288308,
      "cust_name":"Jaya Chandra",
      "product":"34in Ultrawide Monitor",
      "quantity":3
   },
   {
      "order_id":16288335,
      "cust_name":"Vinay",
      "product":"LG Washing Machine",
      "quantity":1
   },
   {
      "order_id":16288362,
      "cust_name":"Sagar",
      "product":"Flatscreen TV",
      "quantity":1
   },
   {
      "order_id":16288389,
      "cust_name":"Venki",
      "product":"Wired Headphones",
      "quantity":2
   },
   {
      "order_id":16288416,
      "cust_name":"Lavanya",
      "product":"iPhone 11",
      "quantity":1
   },
   {
      "order_id":16288443,
      "cust_name":"Sumanth",
      "product":"34in Ultrawide Monitor",
      "quantity":1
   },
   {
      "order_id":16288470,
      "cust_name":"Sumanth",
      "product":"Flatscreen TV",
      "quantity":1
   },
   {
      "order_id":16288497,
      "cust_name":"Neelima",
      "product":"Google Phone",
      "quantity":1
   },
   {
      "order_id":16288524,
      "cust_name":"Siddhu",
      "product":"Bose SoundSport Headphones",
      "quantity":1
   },
   {
      "order_id":16288551,
      "cust_name":"Siddhu",
      "product":"27in 4K Gaming Monitor",
      "quantity":1
   },
   {
      "order_id":16288578,
      "cust_name":"Sagar",
      "product":"Wired Headphones",
      "quantity":1
   },
   {
      "order_id":16288605,
      "cust_name":"Madhurima",
      "product":"LG Dryer",
      "quantity":1
   },
   {
      "order_id":16288632,
      "cust_name":"Sumanth",
      "product":"Samsung m10",
      "quantity":1
   },
   {
      "order_id":16288659,
      "cust_name":"Mallikarjun",
      "product":"Samsung m20",
      "quantity":1
   },
   {
      "order_id":16288686,
      "cust_name":"Chaithanya",
      "product":"20in Monitor",
      "quantity":3
   },
   {
      "order_id":16288713,
      "cust_name":"Chaithanya",
      "product":"LG Washing Machine",
      "quantity":1
   },
   {
      "order_id":16288740,
      "cust_name":"Venki",
      "product":"Flatscreen TV",
      "quantity":1
   },
   {
      "order_id":16288767,
      "cust_name":"Sumanth",
      "product":"20in Monitor",
      "quantity":3
   },
   {
      "order_id":16288794,
      "cust_name":"Kedar",
      "product":"iPhone 7s",
      "quantity":1
   },
   {
      "order_id":16288821,
      "cust_name":"Madhurima",
      "product":"iPhone 9",
      "quantity":1
   },
   {
      "order_id":16288848,
      "cust_name":"Tarun",
      "product":"27in FHD Monitor",
      "quantity":2
   },
   {
      "order_id":16288875,
      "cust_name":"Sagar",
      "product":"Samsung m10",
      "quantity":3
   },
   {
      "order_id":16288902,
      "cust_name":"Madhurima",
      "product":"AA Batteries (4-pack)",
      "quantity":2
   },
   {
      "order_id":16288929,
      "cust_name":"Harsha",
      "product":"LG Washing Machine",
      "quantity":1
   },
   {
      "order_id":16288956,
      "cust_name":"Mallikarjun",
      "product":"20in Monitor",
      "quantity":1
   },
   {
      "order_id":16288983,
      "cust_name":"Chaithanya",
      "product":"AA Batteries (4-pack)",
      "quantity":1
   },
   {
      "order_id":16289010,
      "cust_name":"Karteek",
      "product":"Wired Headphones",
      "quantity":2
   },
   {
      "order_id":16289037,
      "cust_name":"Pradhan",
      "product":"Bose SoundSport Headphones",
      "quantity":2
   },
   {
      "order_id":16289064,
      "cust_name":"Mallikarjun",
      "product":"LG Washing Machine",
      "quantity":1
   },
   {
      "order_id":16289091,
      "cust_name":"Sagar",
      "product":"Samsung m20",
      "quantity":1
   },
   {
      "order_id":16289118,
      "cust_name":"Jaya Chandra",
      "product":"Samsung m10",
      "quantity":2
   },
   {
      "order_id":16289145,
      "cust_name":"Veeru",
      "product":"27in 4K Gaming Monitor",
      "quantity":2
   },
   {
      "order_id":16289172,
      "cust_name":"Sumanth",
      "product":"20in Monitor",
      "quantity":1
   },
   {
      "order_id":16289199,
      "cust_name":"Vinay",
      "product":"Apple Airpods Headphones",
      "quantity":2
   },
   {
      "order_id":16289226,
      "cust_name":"Karteek",
      "product":"LG Washing Machine",
      "quantity":2
   },
   {
      "order_id":16289253,
      "cust_name":"Balaji",
      "product":"Apple Airpods Headphones",
      "quantity":1
   },
   {
      "order_id":16289280,
      "cust_name":"Jaya Chandra",
      "product":"20in Monitor",
      "quantity":3
   },
   {
      "order_id":16289307,
      "cust_name":"Nireekshan",
      "product":"Flatscreen TV",
      "quantity":1
   },
   {
      "order_id":16289334,
      "cust_name":"Nireekshan",
      "product":"Flatscreen TV",
      "quantity":1
   },
   {
      "order_id":16289361,
      "cust_name":"Harsha",
      "product":"27in 4K Gaming Monitor",
      "quantity":2
   },
   {
      "order_id":16289388,
      "cust_name":"Vijay",
      "product":"iPhone 9",
      "quantity":2
   },
   {
      "order_id":16289415,
      "cust_name":"Veeru",
      "product":"iPhone 7",
      "quantity":3
   },
   {
      "order_id":16289442,
      "cust_name":"Lavanya",
      "product":"20in Monitor",
      "quantity":2
   },
   {
      "order_id":16289469,
      "cust_name":"Partha",
      "product":"Samsung m10",
      "quantity":2
   },
   {
      "order_id":16289496,
      "cust_name":"Shahid",
      "product":"LG Dryer",
      "quantity":1
   },
   {
      "order_id":16289523,
      "cust_name":"Pradhan",
      "product":"34in Ultrawide Monitor",
      "quantity":1
   },
   {
      "order_id":16289550,
      "cust_name":"Harsha",
      "product":"Samsung m20",
      "quantity":2
   },
   {
      "order_id":16289577,
      "cust_name":"Karteek",
      "product":"LG Washing Machine",
      "quantity":2
   },
   {
      "order_id":16289604,
      "cust_name":"Neelima",
      "product":"27in 4K Gaming Monitor",
      "quantity":1
   },
   {
      "order_id":16289631,
      "cust_name":"Neelima",
      "product":"LG Washing Machine",
      "quantity":2
   },
   {
      "order_id":16289658,
      "cust_name":"Sagar",
      "product":"Flatscreen TV",
      "quantity":1
   },
   {
      "order_id":16289685,
      "cust_name":"Madhurima",
      "product":"iPhone 9",
      "quantity":1
   },
   {
      "order_id":16289712,
      "cust_name":"Karteek",
      "product":"20in Monitor",
      "quantity":1
   },
   {
      "order_id":16289739,
      "cust_name":"Sagar",
      "product":"34in Ultrawide Monitor",
      "quantity":1
   },
   {
      "order_id":16289766,
      "cust_name":"Karteek",
      "product":"iPhone 7s",
      "quantity":1
   },
   {
      "order_id":16289793,
      "cust_name":"Lavanya",
      "product":"Apple Airpods Headphones",
      "quantity":2
   },
   {
      "order_id":16289820,
      "cust_name":"Nireekshan",
      "product":"AA Batteries (4-pack)",
      "quantity":1
   },
   {
      "order_id":16289847,
      "cust_name":"Nireekshan",
      "product":"Bose SoundSport Headphones",
      "quantity":2
   },
   {
      "order_id":16289874,
      "cust_name":"Kedar",
      "product":"Samsung m10",
      "quantity":2
   },
   {
      "order_id":16289901,
      "cust_name":"Siddhu",
      "product":"iPhone 7s",
      "quantity":1
   },
   {
      "order_id":16289928,
      "cust_name":"Sumanth",
      "product":"27in FHD Monitor",
      "quantity":1
   },
   {
      "order_id":16289955,
      "cust_name":"Mallikarjun",
      "product":"Samsung m10",
      "quantity":2
   },
   {
      "order_id":16289982,
      "cust_name":"Tarun",
      "product":"20in Monitor",
      "quantity":1
   },
   {
      "order_id":16290009,
      "cust_name":"Vinay",
      "product":"LG Washing Machine",
      "quantity":1
   },
   {
      "order_id":16290036,
      "cust_name":"Partha",
      "product":"iPhone 7",
      "quantity":2
   },
   {
      "order_id":16290063,
      "cust_name":"Veeru",
      "product":"Flatscreen TV",
      "quantity":1
   },
   {
      "order_id":16290090,
      "cust_name":"Vijay",
      "product":"Samsung m10",
      "quantity":2
   },
   {
      "order_id":16290117,
      "cust_name":"Nireekshan",
      "product":"AA Batteries (4-pack)",
      "quantity":1
   },
   {
      "order_id":16290144,
      "cust_name":"Balaji",
      "product":"iPhone 7s",
      "quantity":2
   },
   {
      "order_id":16290171,
      "cust_name":"Tarun",
      "product":"Apple Airpods Headphones",
      "quantity":3
   },
   {
      "order_id":16290198,
      "cust_name":"Chaithanya",
      "product":"Wired Headphones",
      "quantity":1
   },
   {
      "order_id":16290225,
      "cust_name":"Neelima",
      "product":"Apple Airpods Headphones",
      "quantity":3
   },
   {
      "order_id":16290252,
      "cust_name":"Partha",
      "product":"27in FHD Monitor",
      "quantity":1
   },
   {
      "order_id":16290279,
      "cust_name":"Vijay",
      "product":"iPhone 11",
      "quantity":1
   },
   {
      "order_id":16290306,
      "cust_name":"Veeru",
      "product":"iPhone 7",
      "quantity":1
   },
   {
      "order_id":16290333,
      "cust_name":"Sumanth",
      "product":"27in 4K Gaming Monitor",
      "quantity":3
   },
   {
      "order_id":16290360,
      "cust_name":"Shahid",
      "product":"iPhone 11",
      "quantity":1
   },
   {
      "order_id":16290387,
      "cust_name":"Lavanya",
      "product":"LG Dryer",
      "quantity":1
   },
   {
      "order_id":16290414,
      "cust_name":"Shahid",
      "product":"iPhone 7s",
      "quantity":2
   },
   {
      "order_id":16290441,
      "cust_name":"Kedar",
      "product":"27in FHD Monitor",
      "quantity":1
   },
   {
      "order_id":16290468,
      "cust_name":"Kedar",
      "product":"USB-C Charging Cable",
      "quantity":1
   },
   {
      "order_id":16290495,
      "cust_name":"Vijay",
      "product":"Flatscreen TV",
      "quantity":3
   },
   {
      "order_id":16290522,
      "cust_name":"Balaji",
      "product":"ThinkPad Laptop",
      "quantity":3
   },
   {
      "order_id":16290549,
      "cust_name":"Balaji",
      "product":"LG Dryer",
      "quantity":1
   },
   {
      "order_id":16290576,
      "cust_name":"Lavanya",
      "product":"LG Washing Machine",
      "quantity":1
   },
   {
      "order_id":16290603,
      "cust_name":"Jaya Chandra",
      "product":"AA Batteries (4-pack)",
      "quantity":1
   },
   {
      "order_id":16290630,
      "cust_name":"Vijay",
      "product":"iPhone 9",
      "quantity":2
   },
   {
      "order_id":16290657,
      "cust_name":"Siddhu",
      "product":"USB-C Charging Cable",
      "quantity":2
   },
   {
      "order_id":16290684,
      "cust_name":"Neelima",
      "product":"iPhone 9",
      "quantity":2
   },
   {
      "order_id":16290711,
      "cust_name":"Venu",
      "product":"AA Batteries (4-pack)",
      "quantity":2
   },
   {
      "order_id":16290738,
      "cust_name":"Partha",
      "product":"Apple Airpods Headphones",
      "quantity":1
   },
   {
      "order_id":16290765,
      "cust_name":"Tarun",
      "product":"ThinkPad Laptop",
      "quantity":1
   },
   {
      "order_id":16290792,
      "cust_name":"Balaji",
      "product":"Apple Airpods Headphones",
      "quantity":2
   },
   {
      "order_id":16290819,
      "cust_name":"Madhurima",
      "product":"Samsung m20",
      "quantity":1
   },
   {
      "order_id":16290846,
      "cust_name":"Venki",
      "product":"Flatscreen TV",
      "quantity":2
   },
   {
      "order_id":16290873,
      "cust_name":"Lavanya",
      "product":"27in FHD Monitor",
      "quantity":1
   },
   {
      "order_id":16290900,
      "cust_name":"Nireekshan",
      "product":"iPhone 11",
      "quantity":1
   },
   {
      "order_id":16290927,
      "cust_name":"Sagar",
      "product":"iPhone 11",
      "quantity":2
   },
   {
      "order_id":16290954,
      "cust_name":"Jaya Chandra",
      "product":"20in Monitor",
      "quantity":3
   },
   {
      "order_id":16290981,
      "cust_name":"Shahid",
      "product":"iPhone 7",
      "quantity":2
   },
   {
      "order_id":16291008,
      "cust_name":"Sumanth",
      "product":"USB-C Charging Cable",
      "quantity":1
   },
   {
      "order_id":16291035,
      "cust_name":"Chaithanya",
      "product":"27in FHD Monitor",
      "quantity":2
   },
   {
      "order_id":16291062,
      "cust_name":"Chaithanya",
      "product":"LG Washing Machine",
      "quantity":2
   },
   {
      "order_id":16291089,
      "cust_name":"Madhurima",
      "product":"27in 4K Gaming Monitor",
      "quantity":1
   },
   {
      "order_id":16291116,
      "cust_name":"Karteek",
      "product":"iPhone 7s",
      "quantity":1
   },
   {
      "order_id":16291143,
      "cust_name":"Siddhu",
      "product":"Flatscreen TV",
      "quantity":1
   },
   {
      "order_id":16291170,
      "cust_name":"Tarun",
      "product":"34in Ultrawide Monitor",
      "quantity":1
   },
   {
      "order_id":16291197,
      "cust_name":"Chaithanya",
      "product":"27in 4K Gaming Monitor",
      "quantity":2
   },
   {
      "order_id":16291224,
      "cust_name":"Siddhu",
      "product":"Bose SoundSport Headphones",
      "quantity":1
   },
   {
      "order_id":16291251,
      "cust_name":"Vijay",
      "product":"LG Washing Machine",
      "quantity":1
   },
   {
      "order_id":16291278,
      "cust_name":"Karteek",
      "product":"Macbook Pro Laptop",
      "quantity":2
   },
   {
      "order_id":16291305,
      "cust_name":"Sagar",
      "product":"Google Phone",
      "quantity":3
   },
   {
      "order_id":16291332,
      "cust_name":"Vijay",
      "product":"Flatscreen TV",
      "quantity":1
   },
   {
      "order_id":16291359,
      "cust_name":"Karteek",
      "product":"20in Monitor",
      "quantity":1
   },
   {
      "order_id":16291386,
      "cust_name":"Pradhan",
      "product":"Samsung m20",
      "quantity":1
   },
   {
      "order_id":16291413,
      "cust_name":"Karteek",
      "product":"Macbook Pro Laptop",
      "quantity":1
   },
   {
      "order_id":16291440,
      "cust_name":"Neelima",
      "product":"iPhone 11",
      "quantity":2
   },
   {
      "order_id":16291467,
      "cust_name":"Jaya Chandra",
      "product":"Apple Airpods Headphones",
      "quantity":2
   },
   {
      "order_id":16291494,
      "cust_name":"Madhurima",
      "product":"20in Monitor",
      "quantity":1
   },
   {
      "order_id":16291521,
      "cust_name":"Sumanth",
      "product":"Samsung m10",
      "quantity":2
   },
   {
      "order_id":16291548,
      "cust_name":"Sumanth",
      "product":"Flatscreen TV",
      "quantity":2
   },
   {
      "order_id":16291575,
      "cust_name":"Tarun",
      "product":"Bose SoundSport Headphones",
      "quantity":1
   },
   {
      "order_id":16291602,
      "cust_name":"Jaya Chandra",
      "product":"LG Dryer",
      "quantity":3
   },
   {
      "order_id":16291629,
      "cust_name":"Sumanth",
      "product":"Samsung m20",
      "quantity":2
   },
   {
      "order_id":16291656,
      "cust_name":"Tarun",
      "product":"USB-C Charging Cable",
      "quantity":1
   },
   {
      "order_id":16291683,
      "cust_name":"Karteek",
      "product":"34in Ultrawide Monitor",
      "quantity":3
   },
   {
      "order_id":16291710,
      "cust_name":"Sumanth",
      "product":"Bose SoundSport Headphones",
      "quantity":3
   },
   {
      "order_id":16291737,
      "cust_name":"Balaji",
      "product":"Google Phone",
      "quantity":2
   },
   {
      "order_id":16291764,
      "cust_name":"Karteek",
      "product":"LG Dryer",
      "quantity":1
   },
   {
      "order_id":16291791,
      "cust_name":"Chaithanya",
      "product":"20in Monitor",
      "quantity":2
   },
   {
      "order_id":16291818,
      "cust_name":"Nireekshan",
      "product":"Flatscreen TV",
      "quantity":2
   },
   {
      "order_id":16291845,
      "cust_name":"Venki",
      "product":"27in FHD Monitor",
      "quantity":1
   },
   {
      "order_id":16291872,
      "cust_name":"Karteek",
      "product":"AA Batteries (4-pack)",
      "quantity":1
   },
   {
      "order_id":16291899,
      "cust_name":"Venki",
      "product":"iPhone 7",
      "quantity":1
   },
   {
      "order_id":16291926,
      "cust_name":"Tarun",
      "product":"34in Ultrawide Monitor",
      "quantity":1
   },
   {
      "order_id":16291953,
      "cust_name":"Venki",
      "product":"Samsung m10",
      "quantity":1
   },
   {
      "order_id":16291980,
      "cust_name":"Nireekshan",
      "product":"Macbook Pro Laptop",
      "quantity":2
   },
   {
      "order_id":16292007,
      "cust_name":"Chaithanya",
      "product":"27in 4K Gaming Monitor",
      "quantity":3
   },
   {
      "order_id":16292034,
      "cust_name":"Balaji",
      "product":"Google Phone",
      "quantity":1
   },
   {
      "order_id":16292061,
      "cust_name":"Vijay",
      "product":"LG Dryer",
      "quantity":1
   },
   {
      "order_id":16292088,
      "cust_name":"Vijay",
      "product":"iPhone 9",
      "quantity":1
   },
   {
      "order_id":16292115,
      "cust_name":"Neelima",
      "product":"iPhone 11",
      "quantity":3
   },
   {
      "order_id":16292142,
      "cust_name":"Balaji",
      "product":"AA Batteries (4-pack)",
      "quantity":1
   },
   {
      "order_id":16292169,
      "cust_name":"Shahid",
      "product":"Samsung m20",
      "quantity":2
   },
   {
      "order_id":16292196,
      "cust_name":"Karteek",
      "product":"AA Batteries (4-pack)",
      "quantity":1
   },
   {
      "order_id":16292223,
      "cust_name":"Sumanth",
      "product":"iPhone 11",
      "quantity":1
   },
   {
      "order_id":16292250,
      "cust_name":"Venu",
      "product":"Samsung m10",
      "quantity":3
   },
   {
      "order_id":16292277,
      "cust_name":"Harsha",
      "product":"20in Monitor",
      "quantity":1
   },
   {
      "order_id":16292304,
      "cust_name":"Sagar",
      "product":"iPhone 7",
      "quantity":1
   },
   {
      "order_id":16292331,
      "cust_name":"Chaithanya",
      "product":"Samsung m20",
      "quantity":1
   },
   {
      "order_id":16292358,
      "cust_name":"Siddhu",
      "product":"LG Dryer",
      "quantity":2
   },
   {
      "order_id":16292385,
      "cust_name":"Siddhu",
      "product":"AA Batteries (4-pack)",
      "quantity":1
   },
   {
      "order_id":16292412,
      "cust_name":"Sagar",
      "product":"iPhone 11",
      "quantity":2
   }
]